Dataset,Solver,WarmStart,C,Rho,ScreeningRate,Screen_Iterations,Baseline_Iterations,Iteration_Reduction_Ratio,OverheadTime_MeanStd,SolveTime_MeanStd,TotalScreeningTime_Mean_Std,Baseline_Time_Mean_Std,Speedup,p-value
ijcnn1,CVXOPT,False,0.01,0.0,0.7892,4058,13348,0.70,0.0327 ± 0.0154,3.3536 ± 2.2450,3.3863 ± 2.2504,61.8893 ± 34.0968,18.28x,1.863e-09
ijcnn1,CVXOPT,False,0.01,0.05,0.7186,4732,13228,0.64,0.0362 ± 0.0150,6.2501 ± 7.3511,6.2864 ± 7.3554,62.4075 ± 37.5887,9.93x,1.863e-09
ijcnn1,CVXOPT,False,0.05,0.0,0.6413,14929,19898,0.25,0.0345 ± 0.0136,19.9938 ± 11.5105,20.0283 ± 11.5219,93.3492 ± 38.1941,4.66x,1.863e-09
ijcnn1,CVXOPT,False,0.05,0.05,0.5827,12912,19732,0.35,0.0369 ± 0.0149,21.1741 ± 13.4008,21.2109 ± 13.4077,97.0167 ± 39.5178,4.57x,1.863e-09
ijcnn1,CVXOPT,False,0.1,0.0,0.6195,20442,20000,-0.02,0.0413 ± 0.0187,27.1416 ± 8.4217,27.1829 ± 8.4362,95.1560 ± 38.6506,3.50x,1.863e-09
ijcnn1,CVXOPT,False,0.1,0.05,0.5764,16572,20000,0.17,0.0423 ± 0.0179,27.9958 ± 16.0724,28.0381 ± 16.0855,96.7540 ± 40.8234,3.45x,1.863e-09
ijcnn1,CVXOPT,True,0.01,0.0,0.7872,4298,13898,0.69,0.0209 ± 0.0042,2.5523 ± 1.3873,2.5732 ± 1.3882,40.7730 ± 13.5093,15.85x,1.863e-09
ijcnn1,CVXOPT,True,0.01,0.05,0.7218,4494,15331,0.71,0.0235 ± 0.0053,4.0801 ± 4.4141,4.1035 ± 4.4148,46.3930 ± 13.8526,11.31x,1.863e-09
ijcnn1,CVXOPT,True,0.05,0.0,0.6422,14254,19930,0.28,0.0243 ± 0.0048,13.0361 ± 5.7945,13.0604 ± 5.7946,58.3587 ± 1.1727,4.47x,1.863e-09
ijcnn1,CVXOPT,True,0.05,0.05,0.5867,12515,19909,0.37,0.0265 ± 0.0078,13.7856 ± 6.7646,13.8121 ± 6.7662,60.1161 ± 1.7530,4.35x,1.863e-09
ijcnn1,CVXOPT,True,0.1,0.0,0.6209,20610,20000,-0.03,0.0314 ± 0.0103,18.9930 ± 1.8578,19.0244 ± 1.8614,58.5957 ± 0.6167,3.08x,1.863e-09
ijcnn1,CVXOPT,True,0.1,0.05,0.5624,18929,20000,0.05,0.0286 ± 0.0057,20.9246 ± 4.8537,20.9531 ± 4.8547,60.6077 ± 0.7302,2.89x,1.863e-09
ijcnn1,SCS,False,0.01,0.0,0.7892,4059,13348,0.70,0.0449 ± 0.0129,5.0842 ± 3.3661,5.1291 ± 3.3742,95.9106 ± 36.5940,18.70x,1.863e-09
ijcnn1,SCS,False,0.01,0.05,0.7187,4729,13228,0.64,0.0456 ± 0.0116,9.4217 ± 10.4625,9.4673 ± 10.4669,101.7161 ± 45.3900,10.74x,1.863e-09
ijcnn1,SCS,False,0.05,0.0,0.6415,14965,19898,0.25,0.0495 ± 0.0083,29.3258 ± 11.4932,29.3753 ± 11.4952,142.5450 ± 5.1558,4.85x,1.863e-09
ijcnn1,SCS,False,0.05,0.05,0.5810,13440,19732,0.32,0.0540 ± 0.0105,32.9962 ± 14.6873,33.0502 ± 14.6902,152.3644 ± 9.8327,4.61x,1.863e-09
ijcnn1,SCS,False,0.1,0.0,0.6202,20440,20000,-0.02,0.0613 ± 0.0140,40.9893 ± 4.8997,41.0506 ± 4.9014,144.3528 ± 3.9149,3.52x,1.863e-09
ijcnn1,SCS,False,0.1,0.05,0.5759,16038,20000,0.20,0.0636 ± 0.0140,40.5768 ± 16.8491,40.6403 ± 16.8467,153.2448 ± 5.3380,3.77x,1.863e-09
ijcnn1,SCS,True,0.01,0.0,0.7872,4312,13898,0.69,0.0460 ± 0.0119,4.7353 ± 3.0855,4.7813 ± 3.0916,94.7424 ± 31.1205,19.82x,1.863e-09
ijcnn1,SCS,True,0.01,0.05,0.7221,4504,15331,0.71,0.0479 ± 0.0122,7.9636 ± 8.9971,8.0115 ± 9.0002,109.1564 ± 32.8015,13.62x,1.863e-09
ijcnn1,SCS,True,0.05,0.0,0.6422,14310,19930,0.28,0.0481 ± 0.0079,25.4686 ± 10.9149,25.5167 ± 10.9166,136.2071 ± 3.2314,5.34x,1.863e-09
ijcnn1,SCS,True,0.05,0.05,0.5835,13194,19909,0.34,0.0542 ± 0.0128,29.3233 ± 12.8884,29.3775 ± 12.8886,141.8821 ± 3.2668,4.83x,1.863e-09
ijcnn1,SCS,True,0.1,0.0,0.6208,20652,20000,-0.03,0.0539 ± 0.0092,37.3552 ± 3.8726,37.4091 ± 3.8731,136.4111 ± 1.7744,3.65x,1.863e-09
ijcnn1,SCS,True,0.1,0.05,0.5627,19078,20000,0.05,0.0632 ± 0.0125,42.7512 ± 9.7511,42.8144 ± 9.7503,142.9628 ± 1.9012,3.34x,1.863e-09
phishing,CVXOPT,False,0.01,0.0,0.8170,4753,3117,-0.53,0.0193 ± 0.0078,1.6279 ± 0.3560,1.6472 ± 0.3611,5.4120 ± 4.1221,3.29x,3.725e-09
phishing,CVXOPT,False,0.01,0.05,0.8048,3565,1898,-0.88,0.0183 ± 0.0062,1.5269 ± 0.4066,1.5451 ± 0.4090,3.6317 ± 1.2290,2.35x,1.863e-09
phishing,CVXOPT,False,0.05,0.0,0.8311,5473,6797,0.19,0.0217 ± 0.0095,1.8796 ± 0.5515,1.9013 ± 0.5578,11.1108 ± 6.9551,5.84x,1.863e-09
phishing,CVXOPT,False,0.05,0.05,0.8192,3282,6988,0.53,0.0185 ± 0.0064,1.3312 ± 0.2711,1.3497 ± 0.2751,11.9058 ± 5.9789,8.82x,1.863e-09
phishing,CVXOPT,False,0.1,0.0,0.8329,6836,10582,0.35,0.0192 ± 0.0067,2.1289 ± 0.9763,2.1481 ± 0.9809,17.4552 ± 8.7866,8.13x,1.863e-09
phishing,CVXOPT,False,0.1,0.05,0.8059,3952,10114,0.61,0.0226 ± 0.0115,1.9893 ± 2.1020,2.0119 ± 2.1099,16.9807 ± 6.9064,8.44x,1.863e-09
phishing,CVXOPT,True,0.01,0.0,0.8169,4713,3220,-0.46,0.0168 ± 0.0061,1.5693 ± 0.3404,1.5861 ± 0.3425,5.2871 ± 4.4949,3.33x,1.863e-09
phishing,CVXOPT,True,0.01,0.05,0.8046,3610,1866,-0.93,0.0178 ± 0.0063,1.5211 ± 0.4821,1.5389 ± 0.4858,3.3589 ± 0.9100,2.18x,5.588e-09
phishing,CVXOPT,True,0.05,0.0,0.8311,5259,7061,0.26,0.0208 ± 0.0095,1.7127 ± 0.4009,1.7335 ± 0.4081,11.1435 ± 6.7065,6.43x,1.863e-09
phishing,CVXOPT,True,0.05,0.05,0.8190,3309,6847,0.52,0.0184 ± 0.0096,1.3531 ± 0.3524,1.3715 ± 0.3557,11.2567 ± 6.2423,8.21x,1.863e-09
phishing,CVXOPT,True,0.1,0.0,0.8328,6840,10647,0.36,0.0181 ± 0.0095,2.0842 ± 1.4315,2.1023 ± 1.4399,16.8468 ± 8.1138,8.01x,1.863e-09
phishing,CVXOPT,True,0.1,0.05,0.8046,4081,9941,0.59,0.0193 ± 0.0081,1.6472 ± 0.5934,1.6665 ± 0.5981,16.1560 ± 6.4796,9.69x,1.863e-09
phishing,SCS,False,0.01,0.0,0.8170,4656,3117,-0.49,0.0215 ± 0.0092,1.7126 ± 0.4753,1.7341 ± 0.4797,5.5520 ± 4.1306,3.20x,1.863e-09
phishing,SCS,False,0.01,0.05,0.8048,3554,1898,-0.87,0.0219 ± 0.0092,1.5710 ± 0.4930,1.5929 ± 0.4998,3.5030 ± 1.0039,2.20x,9.313e-09
phishing,SCS,False,0.05,0.0,0.8314,5486,6797,0.19,0.0201 ± 0.0062,1.7422 ± 0.4427,1.7623 ± 0.4459,11.9499 ± 7.0883,6.78x,1.863e-09
phishing,SCS,False,0.05,0.05,0.8193,3292,6988,0.53,0.0207 ± 0.0088,1.4240 ± 0.4289,1.4448 ± 0.4361,12.6167 ± 6.0784,8.73x,1.863e-09
phishing,SCS,False,0.1,0.0,0.8222,6848,10582,0.35,0.0222 ± 0.0094,2.2691 ± 1.5466,2.2913 ± 1.5546,18.5541 ± 9.1725,8.10x,1.863e-09
phishing,SCS,False,0.1,0.05,0.7950,3964,10114,0.61,0.0242 ± 0.0107,2.1616 ± 2.4383,2.1857 ± 2.4441,17.9103 ± 7.2235,8.19x,1.863e-09
phishing,SCS,True,0.01,0.0,0.8169,4674,3220,-0.45,0.0196 ± 0.0077,1.6680 ± 0.4725,1.6876 ± 0.4781,5.4325 ± 4.4903,3.22x,1.863e-09
phishing,SCS,True,0.01,0.05,0.8046,3784,1866,-1.03,0.0207 ± 0.0077,1.5712 ± 0.4215,1.5919 ± 0.4261,3.3801 ± 1.1636,2.12x,1.863e-09
phishing,SCS,True,0.05,0.0,0.8313,5232,7061,0.26,0.0218 ± 0.0084,1.7843 ± 0.3935,1.8061 ± 0.3981,11.5903 ± 6.8541,6.42x,1.863e-09
phishing,SCS,True,0.05,0.05,0.8191,3238,6847,0.53,0.0194 ± 0.0047,1.3168 ± 0.2661,1.3363 ± 0.2689,11.3898 ± 6.1026,8.52x,1.863e-09
phishing,SCS,True,0.1,0.0,0.8328,6468,10647,0.39,0.0220 ± 0.0082,1.9810 ± 0.9171,2.0030 ± 0.9182,17.4794 ± 8.4962,8.73x,1.863e-09
phishing,SCS,True,0.1,0.05,0.8046,4380,9941,0.56,0.0210 ± 0.0086,1.8681 ± 1.6701,1.8891 ± 1.6731,16.5560 ± 6.3580,8.76x,1.863e-09
svmguide1,CVXOPT,False,0.01,0.0,0.4891,512,1042,0.51,0.0031 ± 0.0011,0.1057 ± 0.0682,0.1088 ± 0.0683,0.2528 ± 0.1523,2.32x,9.22e-06
svmguide1,CVXOPT,False,0.01,0.05,0.4588,608,852,0.29,0.0031 ± 0.0007,0.1338 ± 0.0705,0.1369 ± 0.0707,0.2398 ± 0.2637,1.75x,0.002367
svmguide1,CVXOPT,False,0.05,0.0,0.5763,512,2374,0.78,0.0031 ± 0.0008,0.1058 ± 0.0571,0.1089 ± 0.0573,0.5605 ± 0.5617,5.15x,3.148e-07
svmguide1,CVXOPT,False,0.05,0.05,0.5362,559,2932,0.81,0.0030 ± 0.0006,0.1160 ± 0.0444,0.1190 ± 0.0445,0.7630 ± 0.7296,6.41x,3.725e-09
svmguide1,CVXOPT,False,0.1,0.0,0.6005,729,4497,0.84,0.0032 ± 0.0007,0.1269 ± 0.0483,0.1301 ± 0.0487,0.9580 ± 0.5248,7.37x,1.863e-09
svmguide1,CVXOPT,False,0.1,0.05,0.5542,718,4021,0.82,0.0032 ± 0.0007,0.1474 ± 0.0647,0.1506 ± 0.0651,0.9650 ± 0.4084,6.41x,1.863e-09
svmguide1,CVXOPT,True,0.01,0.0,0.4891,427,1195,0.64,0.0031 ± 0.0007,0.1057 ± 0.0618,0.1088 ± 0.0622,0.2819 ± 0.3215,2.59x,1.024e-07
svmguide1,CVXOPT,True,0.01,0.05,0.4589,613,1282,0.52,0.0031 ± 0.0007,0.1369 ± 0.0875,0.1400 ± 0.0876,0.3344 ± 0.2504,2.39x,3.904e-05
svmguide1,CVXOPT,True,0.05,0.0,0.5762,530,1959,0.73,0.0032 ± 0.0008,0.1082 ± 0.0520,0.1114 ± 0.0521,0.4581 ± 0.3256,4.11x,9.313e-09
svmguide1,CVXOPT,True,0.05,0.05,0.5363,604,3096,0.80,0.0033 ± 0.0008,0.1369 ± 0.0616,0.1402 ± 0.0621,0.7302 ± 0.4744,5.21x,1.304e-08
svmguide1,CVXOPT,True,0.1,0.0,0.6002,811,4194,0.81,0.0032 ± 0.0011,0.1359 ± 0.0516,0.1391 ± 0.0523,0.9621 ± 0.7076,6.92x,1.863e-09
svmguide1,CVXOPT,True,0.1,0.05,0.5543,791,3495,0.77,0.0031 ± 0.0008,0.1509 ± 0.0579,0.1541 ± 0.0585,0.8424 ± 0.5895,5.47x,1.863e-09
svmguide1,SCS,False,0.01,0.0,0.4891,681,1042,0.35,0.0036 ± 0.0014,0.1308 ± 0.0693,0.1345 ± 0.0701,0.2714 ± 0.2328,2.02x,0.000345
svmguide1,SCS,False,0.01,0.05,0.4588,712,852,0.16,0.0040 ± 0.0035,0.1588 ± 0.0947,0.1628 ± 0.0977,0.2348 ± 0.2430,1.44x,0.03842
svmguide1,SCS,False,0.05,0.0,0.5763,628,2374,0.74,0.0040 ± 0.0020,0.1217 ± 0.0534,0.1257 ± 0.0544,0.5755 ± 0.5325,4.58x,1.304e-07
svmguide1,SCS,False,0.05,0.05,0.5362,646,2932,0.78,0.0034 ± 0.0006,0.1255 ± 0.0453,0.1288 ± 0.0456,0.6985 ± 0.5870,5.42x,1.863e-09
svmguide1,SCS,False,0.1,0.0,0.6005,832,4497,0.81,0.0033 ± 0.0007,0.1251 ± 0.0356,0.1283 ± 0.0361,0.9947 ± 0.5651,7.75x,1.863e-09
svmguide1,SCS,False,0.1,0.05,0.5542,793,4021,0.80,0.0036 ± 0.0009,0.1436 ± 0.0450,0.1471 ± 0.0454,0.9798 ± 0.5325,6.66x,1.863e-09
svmguide1,SCS,True,0.01,0.0,0.4891,455,1195,0.62,0.0030 ± 0.0007,0.0999 ± 0.0491,0.1029 ± 0.0494,0.2861 ± 0.3160,2.78x,9.313e-09
svmguide1,SCS,True,0.01,0.05,0.4589,652,1282,0.49,0.0033 ± 0.0009,0.1394 ± 0.0841,0.1427 ± 0.0842,0.3339 ± 0.2654,2.34x,5.974e-06
svmguide1,SCS,True,0.05,0.0,0.5762,526,1959,0.73,0.0029 ± 0.0005,0.0963 ± 0.0411,0.0992 ± 0.0412,0.4133 ± 0.2941,4.17x,3.725e-09
svmguide1,SCS,True,0.05,0.05,0.5363,608,3096,0.80,0.0033 ± 0.0008,0.1343 ± 0.0588,0.1377 ± 0.0592,0.7686 ± 0.4979,5.58x,3.539e-08
svmguide1,SCS,True,0.1,0.0,0.6002,837,4194,0.80,0.0031 ± 0.0008,0.1258 ± 0.0387,0.1289 ± 0.0392,0.9023 ± 0.6734,7.00x,1.863e-09
svmguide1,SCS,True,0.1,0.05,0.5543,800,3495,0.77,0.0032 ± 0.0009,0.1472 ± 0.0561,0.1503 ± 0.0568,0.7816 ± 0.4902,5.20x,3.725e-09
