Dataset,Solver,WarmStart,C,Rho,Objective_Base,Objective_Screen,Objective_p-value,Accuracy_Base,Accuracy_Screen,Accuracy_p-value,AUC_Base,AUC_Screen,AUC_p-value,F1_Base,F1_Screen,F1_p-value
ijcnn1,CVXOPT,False,0.01,0.0,56.3192 ± 0.3806,56.3192 ± 0.3806,7.507256785402463e-134,0.9244 ± 0.0042,0.9245 ± 0.0043,6.881782813580047e-35,0.9175 ± 0.0041,0.9175 ± 0.0041,2.4623662656408426e-97,0.6283 ± 0.0107,0.6283 ± 0.0106,5.192081608911389e-45
ijcnn1,CVXOPT,False,0.01,0.05,61.2007 ± 0.3271,61.2007 ± 0.3271,1.1062319496340113e-80,0.9246 ± 0.0037,0.9246 ± 0.0037,9.439155938992451e-73,0.9190 ± 0.0040,0.9190 ± 0.0040,4.448811069242384e-90,0.6270 ± 0.0098,0.6270 ± 0.0098,1.382219399327812e-46
ijcnn1,CVXOPT,False,0.05,0.0,275.0826 ± 2.0555,275.0826 ± 2.0555,6.787222823763881e-58,0.9244 ± 0.0032,0.9246 ± 0.0033,2.8714974740357513e-24,0.9173 ± 0.0042,0.9173 ± 0.0042,3.303155752713552e-74,0.6276 ± 0.0107,0.6280 ± 0.0108,5.1309388371494025e-18
ijcnn1,CVXOPT,False,0.05,0.05,301.0001 ± 1.8530,301.0001 ± 1.8530,4.7660749976435655e-58,0.9246 ± 0.0035,0.9246 ± 0.0035,5.680290143306455e-56,0.9180 ± 0.0040,0.9180 ± 0.0040,1.3265573218247332e-71,0.6289 ± 0.0111,0.6289 ± 0.0110,9.626997697485286e-39
ijcnn1,CVXOPT,False,0.1,0.0,548.3638 ± 4.1590,548.3636 ± 4.1590,1.3731496230253336e-62,0.9246 ± 0.0036,0.9246 ± 0.0034,2.624775517011959e-22,0.9173 ± 0.0042,0.9173 ± 0.0042,3.922741778303054e-75,0.6281 ± 0.0109,0.6282 ± 0.0107,1.2221275750704211e-23
ijcnn1,CVXOPT,False,0.1,0.05,600.5712 ± 3.7612,600.5712 ± 3.7612,2.698560076788773e-47,0.9243 ± 0.0037,0.9246 ± 0.0032,1.1648580971843172e-16,0.9179 ± 0.0040,0.9179 ± 0.0040,2.202559987747579e-71,0.6287 ± 0.0106,0.6286 ± 0.0107,4.838688372750273e-18
ijcnn1,CVXOPT,True,0.01,0.0,56.3192 ± 0.3806,56.3192 ± 0.3806,2.3936305282339066e-112,0.9244 ± 0.0042,0.9244 ± 0.0042,2.8831803166782826e-66,0.9175 ± 0.0041,0.9175 ± 0.0041,5.0289637022478065e-96,0.6283 ± 0.0107,0.6283 ± 0.0107,5.3653193763046946e-52
ijcnn1,CVXOPT,True,0.01,0.05,61.2007 ± 0.3271,61.2007 ± 0.3271,5.814363589787946e-81,0.9246 ± 0.0037,0.9246 ± 0.0037,1.3403603510072312e-68,0.9190 ± 0.0040,0.9190 ± 0.0040,9.512775962241812e-90,0.6270 ± 0.0098,0.6270 ± 0.0098,7.46671822426665e-46
ijcnn1,CVXOPT,True,0.05,0.0,275.0826 ± 2.0555,275.0827 ± 2.0555,3.317717466588558e-55,0.9244 ± 0.0032,0.9245 ± 0.0032,3.630309826170648e-54,0.9173 ± 0.0042,0.9173 ± 0.0042,5.828217450966862e-73,0.6276 ± 0.0107,0.6277 ± 0.0106,3.044456982904744e-36
ijcnn1,CVXOPT,True,0.05,0.05,301.0001 ± 1.8530,301.0001 ± 1.8530,4.711856013434348e-56,0.9246 ± 0.0035,0.9246 ± 0.0035,2.875569944488583e-55,0.9180 ± 0.0040,0.9180 ± 0.0040,4.199234436984474e-74,0.6290 ± 0.0111,0.6289 ± 0.0111,3.806418064932639e-34
ijcnn1,CVXOPT,True,0.1,0.0,548.3638 ± 4.1590,548.3636 ± 4.1590,1.0716023856390405e-54,0.9247 ± 0.0037,0.9246 ± 0.0034,3.4313373004382774e-20,0.9173 ± 0.0042,0.9173 ± 0.0042,2.7230460938152816e-74,0.6283 ± 0.0110,0.6282 ± 0.0107,6.2513554740081265e-24
ijcnn1,CVXOPT,True,0.1,0.05,600.5713 ± 3.7612,600.5711 ± 3.7612,2.335442133451798e-58,0.9244 ± 0.0038,0.9244 ± 0.0037,6.321152986643608e-20,0.9179 ± 0.0040,0.9179 ± 0.0040,1.0398274904969473e-72,0.6288 ± 0.0109,0.6288 ± 0.0105,1.0315082458655299e-17
ijcnn1,SCS,False,0.01,0.0,56.3192 ± 0.3806,56.3192 ± 0.3806,7.507256785402463e-134,0.9244 ± 0.0042,0.9245 ± 0.0043,6.881782813580047e-35,0.9175 ± 0.0041,0.9175 ± 0.0041,2.4623662656408426e-97,0.6283 ± 0.0107,0.6283 ± 0.0106,5.192081608911389e-45
ijcnn1,SCS,False,0.01,0.05,61.2007 ± 0.3271,61.2007 ± 0.3271,1.1066519719657863e-80,0.9246 ± 0.0037,0.9246 ± 0.0037,9.439155938992451e-73,0.9190 ± 0.0040,0.9190 ± 0.0040,4.493771793921051e-90,0.6270 ± 0.0098,0.6270 ± 0.0098,1.382219399327812e-46
ijcnn1,SCS,False,0.05,0.0,275.0826 ± 2.0555,275.0826 ± 2.0555,6.787222823763881e-58,0.9244 ± 0.0032,0.9246 ± 0.0033,2.8714974740357513e-24,0.9173 ± 0.0042,0.9173 ± 0.0042,3.303155752713552e-74,0.6276 ± 0.0107,0.6280 ± 0.0108,5.1309388371494025e-18
ijcnn1,SCS,False,0.05,0.05,301.0001 ± 1.8530,301.0001 ± 1.8530,9.53393154648738e-61,0.9246 ± 0.0035,0.9246 ± 0.0035,1.3496443043468723e-55,0.9180 ± 0.0040,0.9180 ± 0.0040,3.398746208820969e-75,0.6289 ± 0.0111,0.6289 ± 0.0110,1.480964083952121e-37
ijcnn1,SCS,False,0.1,0.0,548.3638 ± 4.1590,548.3636 ± 4.1590,7.892457011465627e-63,0.9246 ± 0.0036,0.9246 ± 0.0034,2.624775517011959e-22,0.9173 ± 0.0042,0.9173 ± 0.0042,7.117171115870786e-75,0.6281 ± 0.0109,0.6282 ± 0.0107,1.2221275750704211e-23
ijcnn1,SCS,False,0.1,0.05,600.5712 ± 3.7612,600.5712 ± 3.7612,7.628528707240635e-47,0.9243 ± 0.0037,0.9246 ± 0.0032,1.20057670492463e-16,0.9179 ± 0.0040,0.9179 ± 0.0040,7.967548281010617e-72,0.6287 ± 0.0106,0.6286 ± 0.0107,4.3896760973781495e-18
ijcnn1,SCS,True,0.01,0.0,56.3192 ± 0.3806,56.3192 ± 0.3806,2.3990040706844347e-112,0.9244 ± 0.0042,0.9244 ± 0.0042,5.1638429010706676e-64,0.9175 ± 0.0041,0.9175 ± 0.0041,4.397400471654239e-96,0.6283 ± 0.0107,0.6283 ± 0.0107,1.0133287629115883e-49
ijcnn1,SCS,True,0.01,0.05,61.2007 ± 0.3271,61.2007 ± 0.3271,1.5890831956281033e-80,0.9246 ± 0.0037,0.9246 ± 0.0037,1.3403603510072312e-68,0.9190 ± 0.0040,0.9190 ± 0.0040,1.9723594202596713e-89,0.6270 ± 0.0098,0.6270 ± 0.0098,7.46671822426665e-46
ijcnn1,SCS,True,0.05,0.0,275.0826 ± 2.0555,275.0827 ± 2.0555,3.3068011900522094e-55,0.9244 ± 0.0032,0.9246 ± 0.0034,2.8357245297844793e-24,0.9173 ± 0.0042,0.9173 ± 0.0042,6.090956663540689e-73,0.6276 ± 0.0107,0.6279 ± 0.0108,4.737907996396254e-18
ijcnn1,SCS,True,0.05,0.05,301.0001 ± 1.8530,301.0001 ± 1.8530,2.873036928224463e-57,0.9246 ± 0.0035,0.9246 ± 0.0035,5.938888583994306e-57,0.9180 ± 0.0040,0.9180 ± 0.0040,3.4017092573938276e-74,0.6290 ± 0.0111,0.6289 ± 0.0111,3.739787804407521e-34
ijcnn1,SCS,True,0.1,0.0,548.3638 ± 4.1590,548.3636 ± 4.1590,1.0784473803803965e-54,0.9247 ± 0.0037,0.9246 ± 0.0034,3.4313373004382774e-20,0.9173 ± 0.0042,0.9173 ± 0.0042,2.727546628989218e-74,0.6283 ± 0.0110,0.6282 ± 0.0107,6.2513554740081265e-24
ijcnn1,SCS,True,0.1,0.05,600.5713 ± 3.7612,600.5711 ± 3.7612,2.413670334856925e-58,0.9244 ± 0.0038,0.9244 ± 0.0037,6.321152986643608e-20,0.9179 ± 0.0040,0.9179 ± 0.0040,1.0376474769246625e-72,0.6288 ± 0.0109,0.6288 ± 0.0105,1.0315082458655299e-17
phishing,CVXOPT,False,0.01,0.0,11.1938 ± 0.2006,11.1938 ± 0.2006,1.5398668362842397e-139,0.9389 ± 0.0048,0.9389 ± 0.0048,0.0,0.9857 ± 0.0019,0.9857 ± 0.0019,1.181689807036643e-93,0.9458 ± 0.0042,0.9458 ± 0.0042,0.0
phishing,CVXOPT,False,0.01,0.05,12.0520 ± 0.2120,12.0520 ± 0.2120,3.158774191692446e-75,0.9390 ± 0.0056,0.9390 ± 0.0056,0.0,0.9855 ± 0.0020,0.9855 ± 0.0020,7.913931557745137e-95,0.9458 ± 0.0049,0.9458 ± 0.0049,0.0
phishing,CVXOPT,False,0.05,0.0,51.3812 ± 1.0282,51.3812 ± 1.0283,2.442047028878488e-49,0.9393 ± 0.0047,0.9393 ± 0.0047,8.07703284233347e-40,0.9860 ± 0.0019,0.9860 ± 0.0019,2.5238017486603023e-84,0.9461 ± 0.0040,0.9461 ± 0.0040,8.025407046512744e-42
phishing,CVXOPT,False,0.05,0.05,55.9543 ± 1.0950,55.9544 ± 1.0951,1.3020216483745384e-52,0.9390 ± 0.0055,0.9390 ± 0.0055,1.0170039629748322e-53,0.9858 ± 0.0019,0.9858 ± 0.0019,1.3465131774324432e-89,0.9457 ± 0.0046,0.9457 ± 0.0046,2.706171969990745e-54
phishing,CVXOPT,False,0.1,0.0,101.1738 ± 2.0828,101.1738 ± 2.0828,1.1124845831931455e-100,0.9390 ± 0.0046,0.9390 ± 0.0046,0.0,0.9861 ± 0.0018,0.9861 ± 0.0018,3.477364209772549e-84,0.9458 ± 0.0040,0.9458 ± 0.0040,0.0
phishing,CVXOPT,False,0.1,0.05,110.5589 ± 2.2064,110.5589 ± 2.2064,7.968235097717701e-97,0.9392 ± 0.0057,0.9392 ± 0.0057,0.0,0.9858 ± 0.0019,0.9858 ± 0.0019,1.7090912019404234e-93,0.9459 ± 0.0047,0.9459 ± 0.0047,0.0
phishing,CVXOPT,True,0.01,0.0,11.1938 ± 0.2006,11.1938 ± 0.2007,2.0226158757663694e-68,0.9389 ± 0.0048,0.9389 ± 0.0048,0.0,0.9857 ± 0.0019,0.9857 ± 0.0019,1.8836260627246953e-92,0.9458 ± 0.0042,0.9458 ± 0.0042,0.0
phishing,CVXOPT,True,0.01,0.05,12.0520 ± 0.2120,12.0520 ± 0.2120,5.971781926047397e-67,0.9390 ± 0.0056,0.9390 ± 0.0056,0.0,0.9855 ± 0.0020,0.9855 ± 0.0020,2.897583848316798e-90,0.9458 ± 0.0049,0.9458 ± 0.0049,0.0
phishing,CVXOPT,True,0.05,0.0,51.3812 ± 1.0282,51.3812 ± 1.0283,3.6980529133008635e-49,0.9393 ± 0.0047,0.9393 ± 0.0048,6.027312127991959e-37,0.9860 ± 0.0019,0.9860 ± 0.0019,5.216339367945411e-86,0.9461 ± 0.0040,0.9461 ± 0.0041,5.234899330062384e-38
phishing,CVXOPT,True,0.05,0.05,55.9543 ± 1.0950,55.9544 ± 1.0951,1.195841908989785e-52,0.9390 ± 0.0055,0.9390 ± 0.0055,1.0170039629748322e-53,0.9858 ± 0.0019,0.9858 ± 0.0019,3.228499105616201e-92,0.9457 ± 0.0046,0.9457 ± 0.0046,2.706171969990745e-54
phishing,CVXOPT,True,0.1,0.0,101.1738 ± 2.0828,101.1738 ± 2.0828,3.203826109720904e-99,0.9390 ± 0.0046,0.9390 ± 0.0046,0.0,0.9861 ± 0.0018,0.9861 ± 0.0018,2.9761293178596254e-89,0.9458 ± 0.0040,0.9458 ± 0.0040,0.0
phishing,CVXOPT,True,0.1,0.05,110.5589 ± 2.2064,110.5589 ± 2.2064,4.854992994461039e-95,0.9392 ± 0.0057,0.9392 ± 0.0057,0.0,0.9858 ± 0.0019,0.9858 ± 0.0019,2.601350065108577e-88,0.9459 ± 0.0047,0.9459 ± 0.0047,0.0
phishing,SCS,False,0.01,0.0,11.1938 ± 0.2006,11.1938 ± 0.2006,1.9961394125215919e-72,0.9389 ± 0.0048,0.9389 ± 0.0048,1.0176580689191706e-53,0.9857 ± 0.0019,0.9857 ± 0.0019,4.995530135535836e-93,0.9458 ± 0.0042,0.9458 ± 0.0042,3.6909414705203453e-56
phishing,SCS,False,0.01,0.05,12.0520 ± 0.2120,12.0520 ± 0.2120,3.158774191692446e-75,0.9390 ± 0.0056,0.9390 ± 0.0056,0.0,0.9855 ± 0.0020,0.9855 ± 0.0020,7.913931557745137e-95,0.9458 ± 0.0049,0.9458 ± 0.0049,0.0
phishing,SCS,False,0.05,0.0,51.3812 ± 1.0282,51.3812 ± 1.0283,7.151993851492401e-50,0.9393 ± 0.0047,0.9393 ± 0.0047,5.894605156199884e-45,0.9860 ± 0.0019,0.9860 ± 0.0019,6.181259410915638e-85,0.9461 ± 0.0040,0.9461 ± 0.0040,5.975732166644827e-47
phishing,SCS,False,0.05,0.05,55.9543 ± 1.0950,55.9544 ± 1.0951,1.2989570738893467e-52,0.9390 ± 0.0055,0.9390 ± 0.0055,1.0170039629748322e-53,0.9858 ± 0.0019,0.9858 ± 0.0019,1.3465131774324432e-89,0.9457 ± 0.0046,0.9457 ± 0.0046,2.706171969990745e-54
phishing,SCS,False,0.1,0.0,101.1738 ± 2.0828,101.1738 ± 2.0828,1.1246141721178744e-100,0.9390 ± 0.0046,0.9390 ± 0.0046,0.0,0.9861 ± 0.0018,0.9861 ± 0.0018,3.087025666265092e-84,0.9458 ± 0.0040,0.9458 ± 0.0040,0.0
phishing,SCS,False,0.1,0.05,110.5589 ± 2.2064,110.5589 ± 2.2064,5.588470335322043e-97,0.9392 ± 0.0057,0.9392 ± 0.0057,0.0,0.9858 ± 0.0019,0.9858 ± 0.0019,1.9391366773359784e-93,0.9459 ± 0.0047,0.9459 ± 0.0047,0.0
phishing,SCS,True,0.01,0.0,11.1938 ± 0.2006,11.1938 ± 0.2007,2.015152180664306e-68,0.9389 ± 0.0048,0.9389 ± 0.0048,0.0,0.9857 ± 0.0019,0.9857 ± 0.0019,2.199801356936449e-92,0.9458 ± 0.0042,0.9458 ± 0.0042,0.0
phishing,SCS,True,0.01,0.05,12.0520 ± 0.2120,12.0520 ± 0.2120,3.505356059956295e-72,0.9390 ± 0.0056,0.9390 ± 0.0056,0.0,0.9855 ± 0.0020,0.9855 ± 0.0020,5.886688334662966e-92,0.9458 ± 0.0049,0.9458 ± 0.0049,0.0
phishing,SCS,True,0.05,0.0,51.3812 ± 1.0282,51.3812 ± 1.0283,1.7327700253121952e-49,0.9393 ± 0.0047,0.9393 ± 0.0048,6.027312127991959e-37,0.9860 ± 0.0019,0.9860 ± 0.0019,5.751936104904778e-85,0.9461 ± 0.0040,0.9461 ± 0.0041,5.234899330062384e-38
phishing,SCS,True,0.05,0.05,55.9543 ± 1.0950,55.9544 ± 1.0951,1.1917769509576291e-52,0.9390 ± 0.0055,0.9390 ± 0.0055,1.0170039629748322e-53,0.9858 ± 0.0019,0.9858 ± 0.0019,1.2939221432533532e-91,0.9457 ± 0.0046,0.9457 ± 0.0046,2.706171969990745e-54
phishing,SCS,True,0.1,0.0,101.1738 ± 2.0828,101.1738 ± 2.0828,7.491009361099745e-99,0.9390 ± 0.0046,0.9390 ± 0.0046,0.0,0.9861 ± 0.0018,0.9861 ± 0.0018,1.2498071151950926e-87,0.9458 ± 0.0040,0.9458 ± 0.0040,0.0
phishing,SCS,True,0.1,0.05,110.5589 ± 2.2064,110.5589 ± 2.2064,6.663590020875296e-95,0.9392 ± 0.0057,0.9392 ± 0.0057,0.0,0.9858 ± 0.0019,0.9859 ± 0.0019,2.2077247759704124e-88,0.9459 ± 0.0047,0.9459 ± 0.0047,0.0
svmguide1,CVXOPT,False,0.01,0.0,9.0140 ± 0.0832,9.0141 ± 0.0832,8.716419249621274e-76,0.8392 ± 0.0136,0.8391 ± 0.0135,2.2983162658837986e-27,0.9296 ± 0.0099,0.9295 ± 0.0099,1.4749432348113144e-52,0.8781 ± 0.0103,0.8781 ± 0.0104,1.5531468672710779e-31
svmguide1,CVXOPT,False,0.01,0.05,9.7315 ± 0.0893,9.7315 ± 0.0893,6.803217761092013e-83,0.8316 ± 0.0139,0.8317 ± 0.0139,3.359686228690464e-26,0.9265 ± 0.0107,0.9265 ± 0.0107,1.4997266206408494e-51,0.8745 ± 0.0104,0.8743 ± 0.0104,1.1595391493278894e-21
svmguide1,CVXOPT,False,0.05,0.0,39.0539 ± 0.4329,39.0539 ± 0.4329,5.89110454362902e-57,0.8586 ± 0.0164,0.8584 ± 0.0164,1.1222264345211564e-16,0.9359 ± 0.0082,0.9359 ± 0.0082,7.897448201106796e-55,0.8916 ± 0.0113,0.8915 ± 0.0113,3.095395093306796e-23
svmguide1,CVXOPT,False,0.05,0.05,43.6601 ± 0.4460,43.6601 ± 0.4460,4.405397082077496e-57,0.8562 ± 0.0173,0.8563 ± 0.0172,1.3836423311215042e-37,0.9351 ± 0.0092,0.9351 ± 0.0092,5.945356103545997e-60,0.8902 ± 0.0122,0.8902 ± 0.0122,1.5849159440900353e-42
svmguide1,CVXOPT,False,0.1,0.0,75.1814 ± 0.9216,75.1815 ± 0.9215,2.427248580478075e-50,0.8576 ± 0.0144,0.8575 ± 0.0145,8.803209081959587e-29,0.9362 ± 0.0079,0.9362 ± 0.0079,5.4862080096020525e-65,0.8912 ± 0.0108,0.8912 ± 0.0108,3.432284924805201e-47
svmguide1,CVXOPT,False,0.1,0.05,85.1821 ± 0.9159,85.1822 ± 0.9159,1.163720643788217e-52,0.8582 ± 0.0170,0.8573 ± 0.0174,1.0518117389385322e-05,0.9361 ± 0.0088,0.9361 ± 0.0088,4.2596087635698474e-69,0.8912 ± 0.0126,0.8907 ± 0.0128,5.769178937720884e-11
svmguide1,CVXOPT,True,0.01,0.0,9.0140 ± 0.0832,9.0140 ± 0.0832,2.1233483061813783e-76,0.8392 ± 0.0136,0.8393 ± 0.0137,8.803209081968475e-29,0.9296 ± 0.0099,0.9296 ± 0.0099,1.2761632296634029e-51,0.8781 ± 0.0103,0.8782 ± 0.0104,1.985200329122788e-32
svmguide1,CVXOPT,True,0.01,0.05,9.7315 ± 0.0893,9.7315 ± 0.0893,8.022787676798133e-85,0.8317 ± 0.0139,0.8317 ± 0.0138,1.3836423311215042e-37,0.9265 ± 0.0107,0.9264 ± 0.0107,1.2362524813767508e-51,0.8744 ± 0.0104,0.8742 ± 0.0104,1.2251640517338268e-25
svmguide1,CVXOPT,True,0.05,0.0,39.0539 ± 0.4329,39.0539 ± 0.4329,1.1353743823830135e-66,0.8586 ± 0.0164,0.8587 ± 0.0163,1.3836423311215042e-37,0.9359 ± 0.0082,0.9359 ± 0.0082,9.694041463933328e-61,0.8916 ± 0.0113,0.8917 ± 0.0113,1.1561450282002145e-39
svmguide1,CVXOPT,True,0.05,0.05,43.6601 ± 0.4460,43.6602 ± 0.4460,7.075434213343985e-54,0.8562 ± 0.0173,0.8562 ± 0.0173,3.643026846124786e-33,0.9351 ± 0.0092,0.9352 ± 0.0092,1.573451501095893e-58,0.8902 ± 0.0122,0.8902 ± 0.0122,1.0176642807495161e-36
svmguide1,CVXOPT,True,0.1,0.0,75.1814 ± 0.9216,75.1815 ± 0.9216,4.999923057746206e-56,0.8577 ± 0.0144,0.8577 ± 0.0144,3.6426956036218435e-33,0.9362 ± 0.0079,0.9362 ± 0.0079,2.1932654919125526e-71,0.8912 ± 0.0108,0.8912 ± 0.0108,3.5959963941108916e-38
svmguide1,CVXOPT,True,0.1,0.05,85.1821 ± 0.9159,85.1822 ± 0.9159,1.3476305993578192e-56,0.8582 ± 0.0170,0.8574 ± 0.0176,6.821965881521497e-06,0.9361 ± 0.0088,0.9361 ± 0.0088,4.057813007206609e-68,0.8912 ± 0.0126,0.8907 ± 0.0129,3.225430099386018e-11
svmguide1,SCS,False,0.01,0.0,9.0140 ± 0.0832,9.0140 ± 0.0832,1.1450647132127114e-71,0.8392 ± 0.0136,0.8391 ± 0.0136,8.803601955037701e-29,0.9296 ± 0.0099,0.9296 ± 0.0099,7.306518567433807e-55,0.8781 ± 0.0103,0.8780 ± 0.0103,6.487597962307181e-33
svmguide1,SCS,False,0.01,0.05,9.7315 ± 0.0893,9.7315 ± 0.0893,5.745757547456901e-86,0.8316 ± 0.0139,0.8318 ± 0.0138,1.962534261261334e-27,0.9265 ± 0.0107,0.9265 ± 0.0107,5.66480102478917e-51,0.8745 ± 0.0104,0.8744 ± 0.0103,3.7659117792595636e-25
svmguide1,SCS,False,0.05,0.0,39.0539 ± 0.4329,39.0539 ± 0.4329,3.0460809508482205e-61,0.8586 ± 0.0164,0.8587 ± 0.0163,1.3836423311215042e-37,0.9359 ± 0.0082,0.9358 ± 0.0082,1.4556864818426238e-64,0.8916 ± 0.0113,0.8917 ± 0.0113,1.1561450282002145e-39
svmguide1,SCS,False,0.05,0.05,43.6601 ± 0.4460,43.6601 ± 0.4460,1.3164271002787896e-56,0.8562 ± 0.0173,0.8562 ± 0.0173,0.0,0.9351 ± 0.0092,0.9351 ± 0.0092,3.7587851975973284e-61,0.8902 ± 0.0122,0.8902 ± 0.0122,0.0
svmguide1,SCS,False,0.1,0.0,75.1814 ± 0.9216,75.1815 ± 0.9215,1.1045211287611369e-51,0.8576 ± 0.0144,0.8575 ± 0.0145,8.803209081959587e-29,0.9362 ± 0.0079,0.9362 ± 0.0079,1.4121935213863272e-68,0.8912 ± 0.0108,0.8912 ± 0.0108,3.432284924805201e-47
svmguide1,SCS,False,0.1,0.05,85.1821 ± 0.9159,85.1822 ± 0.9159,4.4094792200262263e-54,0.8582 ± 0.0170,0.8583 ± 0.0170,1.3836423311242767e-37,0.9361 ± 0.0088,0.9361 ± 0.0088,2.0711187235893204e-66,0.8912 ± 0.0126,0.8912 ± 0.0126,1.1145038886840339e-42
svmguide1,SCS,True,0.01,0.0,9.0140 ± 0.0832,9.0140 ± 0.0832,1.1583322437313306e-75,0.8392 ± 0.0136,0.8393 ± 0.0137,8.803209081968475e-29,0.9296 ± 0.0099,0.9296 ± 0.0099,1.2225078864258322e-51,0.8781 ± 0.0103,0.8782 ± 0.0104,1.985200329122788e-32
svmguide1,SCS,True,0.01,0.05,9.7315 ± 0.0893,9.7315 ± 0.0893,8.175439745290706e-85,0.8317 ± 0.0139,0.8317 ± 0.0137,3.643026846124786e-33,0.9265 ± 0.0107,0.9264 ± 0.0107,6.851434043781648e-50,0.8744 ± 0.0104,0.8743 ± 0.0103,7.13775997828912e-24
svmguide1,SCS,True,0.05,0.0,39.0539 ± 0.4329,39.0539 ± 0.4329,1.6445282330477663e-65,0.8586 ± 0.0164,0.8587 ± 0.0163,1.3836423311215042e-37,0.9359 ± 0.0082,0.9359 ± 0.0082,3.318523147781674e-60,0.8916 ± 0.0113,0.8917 ± 0.0113,1.1561450282002145e-39
svmguide1,SCS,True,0.05,0.05,43.6601 ± 0.4460,43.6601 ± 0.4460,2.9723775577425863e-56,0.8562 ± 0.0173,0.8563 ± 0.0172,1.3836423311215042e-37,0.9351 ± 0.0092,0.9351 ± 0.0092,6.3048525474614934e-58,0.8902 ± 0.0122,0.8902 ± 0.0122,1.5849159440900353e-42
svmguide1,SCS,True,0.1,0.0,75.1814 ± 0.9216,75.1815 ± 0.9216,8.597746644085807e-62,0.8577 ± 0.0144,0.8576 ± 0.0144,1.3836423311242767e-37,0.9362 ± 0.0079,0.9361 ± 0.0079,1.0593434113429826e-73,0.8912 ± 0.0108,0.8912 ± 0.0108,1.6951906761296378e-42
svmguide1,SCS,True,0.1,0.05,85.1821 ± 0.9159,85.1822 ± 0.9159,1.8048776317801047e-57,0.8582 ± 0.0170,0.8575 ± 0.0175,2.0063575735117266e-06,0.9361 ± 0.0088,0.9361 ± 0.0088,3.992243938442591e-67,0.8912 ± 0.0126,0.8908 ± 0.0128,2.3558389180202193e-12
